{
    "questions":[   {   "question":"What is the fullform of JSON?",
                        "a":"JavaScript Object Numeral",
                        "b":"JavaScript Object Notation",
                        "c":"JavaScript Objective Numeral"
                     },

                    {   "question":"What is the full form of HTML?",
                        "a":"Hypertext Marking Language",
                        "b":"Hyphenated Markup Language",
                        "c":"Hypertext Markup Language"
                     },
                    {   "question":"What is the fullform of SQL?",
                        "a":"Simple Query Language",
                        "b":"Structured Query Language",
                        "c":"Simple Quotient Language"
                    },
                    {   "question":"What is more secure method Post or Get?",
                        "a":"Post",
                        "b":"Get",
                        "c":"Both are same"
                    }  
                ]
}